Rk,Player,Nation,Pos,Squad,Age,Born,MP,Starts,Min,90s,Goals,Assists,G+A,G-PK,PK,PKatt,CrdY,CrdR
1,Brenden Aaronson,us USA,"MF,FW",Leeds United,21,2000,36,28,"2,372",26.4,1,3,4,1,0,0,2,0
2,George Abbott,eng ENG,MF,Tottenham,16,2005,1,0,1,0.0,0,0,0,0,0,0,0,0
3,Che Adams,sct SCO,FW,Southampton,26,1996,28,23,"1,992",22.1,5,3,8,5,0,0,1,0
4,Tyler Adams,us USA,MF,Leeds United,23,1999,24,24,"2,156",24.0,0,0,0,0,0,0,6,1
5,Tosin Adarabioyo,eng ENG,DF,Fulham,24,1997,25,23,"2,085",23.2,1,0,1,1,0,0,4,0
6,Nayef Aguerd,ma MAR,DF,West Ham,26,1996,18,17,"1,595",17.7,2,0,2,2,0,0,4,0
7,Naouirou Ahamada,fr FRA,"MF,FW",Crystal Palace,20,2002,8,0,94,1.0,0,0,0,0,0,0,1,0
8,Rayan Aït Nouri,dz ALG,DF,Wolves,21,2001,21,9,"1,076",12.0,1,0,1,1,0,0,4,0
9,Kristoffer Ajer,no NOR,DF,Brentford,24,1998,9,9,763,8.5,0,0,0,0,0,0,0,0
10,Manuel Akanji,ch SUI,DF,Manchester City,27,1995,29,24,"2,287",25.4,0,1,1,0,0,0,2,0
11,Nathan Aké,nl NED,DF,Manchester City,27,1995,26,22,"1,873",20.8,1,0,1,1,0,0,2,0
12,Marc Albrighton,eng ENG,"FW,MF",Leicester City,32,1989,6,1,237,2.6,1,0,1,1,0,0,0,0
13,Thiago Alcántara,es ESP,MF,Liverpool,31,1991,18,14,"1,254",13.9,0,0,0,0,0,0,2,0
14,Carlos Alcaraz,ar ARG,"MF,FW",Southampton,19,2002,18,13,"1,029",11.4,4,2,6,4,0,0,3,0
15,Trent Alexander-Arnold,eng ENG,DF,Liverpool,23,1998,37,34,"2,923",32.5,2,9,11,2,0,0,5,0
16,Alisson Becker,br BRA,GK,Liverpool,29,1992,37,37,"3,330",37.0,0,1,1,0,0,0,1,0
17,Dele Alli,eng ENG,MF,Everton,26,1996,2,0,40,0.4,0,0,0,0,0,0,0,0
18,Miguel Almirón,py PAR,FW,Newcastle Utd,28,1994,34,29,"2,491",27.7,11,2,13,11,0,0,2,0
19,Julián Álvarez,ar ARG,"FW,MF",Manchester City,22,2000,31,13,"1,465",16.3,9,0,9,8,1,1,0,0
20,Daniel Amartey,gh GHA,DF,Leicester City,27,1994,20,18,"1,610",17.9,0,0,0,0,0,0,1,0
21,Samuel Amo-Ameyaw,eng ENG,MF,Southampton,16,2006,1,0,4,0.0,0,0,0,0,0,0,0,0
22,Joachim Andersen,dk DEN,DF,Crystal Palace,26,1996,32,32,"2,782",30.9,1,0,1,1,0,0,8,0
23,Elliot Anderson,sct SCO,"MF,FW",Newcastle Utd,19,2002,22,3,410,4.6,0,1,1,0,0,0,0,0
24,Jaidon Anthony,eng ENG,"MF,FW",Bournemouth,22,1999,30,11,"1,257",14.0,3,1,4,3,0,0,2,0
25,Michail Antonio,jm JAM,FW,West Ham,32,1990,33,21,"1,829",20.3,5,3,8,5,0,0,2,0
26,Antony,br BRA,FW,Manchester Utd,22,2000,25,23,"1,802",20.0,4,2,6,4,0,0,5,0
27,Cameron Archer,eng ENG,"FW,MF",Aston Villa,21,2001,6,0,49,0.5,0,0,0,0,0,0,0,0
28,Alphonse Areola,fr FRA,GK,West Ham,29,1993,5,2,309,3.4,0,0,0,0,0,0,0,0
29,Joe Aribo,ng NGA,"MF,FW",Southampton,26,1996,21,13,"1,224",13.6,2,0,2,2,0,0,2,0
30,Adam Armstrong,eng ENG,"FW,MF",Southampton,25,1997,30,14,"1,335",14.8,2,1,3,2,0,0,2,0
31,Stuart Armstrong,sct SCO,"MF,FW",Southampton,30,1992,32,14,"1,408",15.6,2,1,3,2,0,0,6,0
32,Kepa Arrizabalaga,es ESP,GK,Chelsea,27,1994,29,29,"2,565",28.5,0,0,0,0,0,0,1,0
33,Pierre-Emerick Aubameyang,ga GAB,FW,Chelsea,33,1989,15,5,554,6.2,1,0,1,1,0,0,1,0
34,Ludwig Augustinsson,se SWE,DF,Aston Villa,28,1994,3,1,77,0.9,0,0,0,0,0,0,1,0
35,Serge Aurier,ci CIV,DF,Nott'ham Forest,29,1992,24,22,"1,943",21.6,1,0,1,1,0,0,2,0
36,Taiwo Awoniyi,ng NGA,FW,Nott'ham Forest,24,1997,27,17,"1,404",15.6,10,1,11,10,0,0,2,0
37,Yasin Ayari,se SWE,MF,Brighton,18,2003,3,1,67,0.7,0,0,0,0,0,0,0,0
38,André Ayew,gh GHA,"FW,MF",Nott'ham Forest,32,1989,13,1,316,3.5,0,0,0,0,0,1,1,0
39,Jordan Ayew,gh GHA,"FW,MF",Crystal Palace,30,1991,38,31,"2,714",30.2,4,3,7,4,0,0,5,0
40,Luke Ayling,eng ENG,DF,Leeds United,30,1991,29,22,"2,054",22.8,2,1,3,2,0,0,3,0
41,César Azpilicueta,es ESP,DF,Chelsea,32,1989,25,16,"1,527",17.0,0,0,0,0,0,0,3,0
42,Benoît Badiashile,fr FRA,DF,Chelsea,21,2001,11,10,905,10.1,1,0,1,1,0,0,2,0
43,Leon Bailey,jm JAM,"FW,MF",Aston Villa,24,1997,33,26,"1,967",21.9,4,4,8,4,0,0,4,0
44,Stefan Bajcetic,es ESP,MF,Liverpool,17,2004,11,6,526,5.8,1,0,1,1,0,0,2,0
45,Dominic Ballard,eng ENG,"FW,MF",Southampton,17,2005,2,0,26,0.3,0,0,0,0,0,0,0,0
46,Patrick Bamford,eng ENG,FW,Leeds United,28,1993,28,18,"1,515",16.8,4,2,6,4,0,2,3,0
47,Shandon Baptiste,gd GRN,MF,Brentford,24,1998,23,4,618,6.9,0,1,1,0,0,0,3,1
48,Harvey Barnes,eng ENG,"FW,MF",Leicester City,24,1997,34,32,"2,711",30.1,13,1,14,13,0,0,3,0
49,Gavin Bazunu,ie IRL,GK,Southampton,20,2002,32,32,"2,880",32.0,0,0,0,0,0,0,0,0
50,Mads Bech Sørensen,dk DEN,"DF,MF",Brentford,23,1999,4,0,21,0.2,0,0,0,0,0,0,0,0
51,Jan Bednarek,pl POL,DF,Southampton,26,1996,20,20,"1,672",18.6,0,0,0,0,0,0,5,0
52,Jan Bednarek,pl POL,DF,Aston Villa,26,1996,3,1,100,1.1,0,0,0,0,0,0,0,0
53,Donny van de Beek,nl NED,MF,Manchester Utd,25,1997,7,2,167,1.9,0,0,0,0,0,0,0,0
54,Asmir Begović,ba BIH,GK,Everton,35,1987,1,1,90,1.0,0,0,0,0,0,0,0,0
55,Armel Bella Kotchap,de GER,DF,Southampton,20,2001,24,24,"1,879",20.9,0,2,2,0,0,0,4,0
56,Saïd Benrahma,dz ALG,"FW,MF",West Ham,26,1995,35,22,"2,069",23.0,6,3,9,2,4,4,0,0
57,Rodrigo Bentancur,uy URU,MF,Tottenham,25,1997,18,17,"1,500",16.7,5,2,7,5,0,0,8,0
58,Daniel Bentley,eng ENG,GK,Wolves,29,1993,2,2,180,2.0,0,0,0,0,0,0,0,0
59,Victor Bernth Kristiansen,dk DEN,DF,Leicester City,19,2002,12,11,892,9.9,0,1,1,0,0,0,2,0
60,Owen Bevan,wls WAL,DF,Bournemouth,18,2003,1,0,9,0.1,0,0,0,0,0,0,0,0
61,Giulian Biancone,fr FRA,DF,Nott'ham Forest,22,2000,2,0,17,0.2,0,0,0,0,0,0,0,0
62,Philip Billing,dk DEN,"MF,FW",Bournemouth,26,1996,36,34,"2,764",30.7,7,1,8,7,0,0,5,0
63,Yves Bissouma,ml MLI,MF,Tottenham,25,1996,23,10,"1,010",11.2,0,0,0,0,0,0,6,0
64,Willy Boly,ci CIV,DF,Nott'ham Forest,31,1991,11,9,685,7.6,0,1,1,0,0,0,2,0
65,Sven Botman,nl NED,DF,Newcastle Utd,22,2000,36,35,"3,127",34.7,0,0,0,0,0,0,2,0
66,Jarrod Bowen,eng ENG,"FW,MF",West Ham,25,1996,38,36,"3,233",35.9,6,5,11,5,1,2,2,0
67,James Bree,eng ENG,DF,Southampton,24,1997,5,4,367,4.1,0,0,0,0,0,0,1,0
68,Armando Broja,al ALB,FW,Chelsea,20,2001,12,2,294,3.3,1,0,1,1,0,0,0,0
69,David Brooks,wls WAL,"FW,MF",Bournemouth,25,1997,6,2,173,1.9,0,0,0,0,0,0,1,0
70,Lewis Brunt,eng ENG,DF,Leicester City,21,2000,1,0,23,0.3,0,0,0,0,0,0,0,0
71,Emi Buendía,ar ARG,"MF,FW",Aston Villa,25,1996,38,27,"2,412",26.8,5,2,7,5,0,0,0,0
72,Hugo Bueno,es ESP,DF,Wolves,19,2002,21,16,"1,310",14.6,0,1,1,0,0,0,1,0
73,Facundo Buonanotte,ar ARG,"FW,MF",Brighton,17,2004,13,6,565,6.3,1,1,2,1,0,0,2,0
74,Dan Burn,eng ENG,DF,Newcastle Utd,30,1992,38,35,"3,111",34.6,1,0,1,1,0,0,5,0
75,Cafú,pt POR,MF,Nott'ham Forest,29,1993,1,0,7,0.1,0,0,0,0,0,0,0,0
76,Moisés Caicedo,ec ECU,MF,Brighton,20,2001,37,34,"3,139",34.9,1,1,2,1,0,0,10,0
77,Tom Cairney,sct SCO,MF,Fulham,31,1991,33,6,988,11.0,2,0,2,2,0,0,2,0
78,Duje Ćaleta-Car,hr CRO,DF,Southampton,25,1996,13,9,946,10.5,1,0,1,1,0,0,2,0
79,Dominic Calvert-Lewin,eng ENG,FW,Everton,25,1997,17,15,"1,165",12.9,2,1,3,1,1,1,3,0
80,Chem Campbell,wls WAL,"FW,MF",Wolves,19,2002,5,0,74,0.8,0,0,0,0,0,0,0,0
81,João Cancelo,pt POR,DF,Manchester City,28,1994,17,16,"1,274",14.2,2,1,3,2,0,0,3,1
82,Thomas Cannon,ie IRL,FW,Everton,19,2002,2,0,25,0.3,0,0,0,0,0,0,0,0
83,Sergi Canós,es ESP,"FW,DF",Brentford,25,1997,5,0,77,0.9,0,0,0,0,0,0,0,0
84,Diego Carlos,br BRA,DF,Aston Villa,29,1993,3,2,205,2.3,0,0,0,0,0,0,0,0
85,Fabio Carvalho,pt POR,"MF,FW",Liverpool,19,2002,13,4,347,3.9,2,0,2,2,0,0,0,0
86,Casemiro,br BRA,MF,Manchester Utd,30,1992,28,24,"2,124",23.6,4,3,7,4,0,0,7,2
87,Matty Cash,pl POL,DF,Aston Villa,24,1997,26,20,"1,820",20.2,0,1,1,0,0,0,4,0
88,Timothy Castagne,be BEL,DF,Leicester City,26,1995,37,36,"3,254",36.2,2,3,5,2,0,0,3,0
89,Jonny Castro,es ESP,DF,Wolves,28,1994,18,14,"1,261",14.0,1,0,1,1,0,0,3,1
90,Julio César Enciso,py PAR,"FW,MF",Brighton,18,2004,20,7,806,9.0,4,2,6,4,0,0,1,0
91,Nathaniel Chalobah,eng ENG,MF,Fulham,27,1994,4,1,12,0.1,0,0,0,0,0,0,0,1
92,Trevoh Chalobah,eng ENG,DF,Chelsea,23,1999,25,18,"1,608",17.9,0,0,0,0,0,0,4,0
93,Calum Chambers,eng ENG,"DF,MF",Aston Villa,27,1995,14,2,353,3.9,0,0,0,0,0,0,2,0
94,Shea Charles,nir NIR,DF,Manchester City,18,2003,1,0,28,0.3,0,0,0,0,0,0,0,0
95,Ben Chilwell,eng ENG,"DF,MF",Chelsea,25,1996,23,15,"1,408",15.6,2,2,4,2,0,0,3,0
96,Ryan Christie,sct SCO,"MF,FW",Bournemouth,27,1995,32,22,"1,834",20.4,1,1,2,1,0,0,2,0
97,Carney Chukwuemeka,eng ENG,"MF,FW",Chelsea,18,2003,14,2,354,3.9,0,0,0,0,0,0,0,0
98,Bobby Clark,eng ENG,MF,Liverpool,17,2005,1,0,8,0.1,0,0,0,0,0,0,0,0
99,Nathaniel Clyne,eng ENG,DF,Crystal Palace,31,1991,22,19,"1,640",18.2,0,0,0,0,0,0,3,0
100,Conor Coady,eng ENG,DF,Everton,29,1993,24,23,"2,096",23.3,1,1,2,1,0,0,2,0
101,Jack Colback,eng ENG,MF,Nott'ham Forest,32,1989,11,4,497,5.5,0,0,0,0,0,0,0,0
102,Séamus Coleman,ie IRL,DF,Everton,33,1988,23,20,"1,656",18.4,1,0,1,1,0,0,1,0
103,Nathan Collins,ie IRL,DF,Wolves,21,2001,26,19,"1,814",20.2,0,0,0,0,0,0,2,1
104,Levi Colwill,eng ENG,DF,Brighton,19,2003,17,13,"1,220",13.6,0,2,2,0,0,0,1,0
105,Lewis Cook,eng ENG,MF,Bournemouth,25,1997,28,18,"1,720",19.1,0,2,2,0,0,0,4,0
106,Steve Cook,eng ENG,DF,Nott'ham Forest,31,1991,12,11,957,10.6,0,0,0,0,0,0,4,0
107,Liam Cooper,sct SCO,DF,Leeds United,30,1991,18,16,"1,426",15.8,1,0,1,1,0,0,5,0
108,Maxwel Cornet,ci CIV,FW,West Ham,25,1996,14,2,245,2.7,0,0,0,0,0,0,0,0
109,Diego Costa,es ESP,FW,Wolves,33,1988,23,16,"1,241",13.8,1,0,1,1,0,0,5,1
110,Vladimír Coufal,cz CZE,DF,West Ham,29,1992,27,24,"2,136",23.7,0,1,1,0,0,0,5,0
111,Philippe Coutinho,br BRA,"MF,FW",Aston Villa,30,1992,20,7,788,8.8,1,0,1,1,0,0,3,0
112,Conor Coventry,ie IRL,"MF,FW",West Ham,22,2000,1,0,1,0.0,0,0,0,0,0,0,0,0
113,Matthew Craig,sct SCO,MF,Tottenham,19,2003,1,0,14,0.2,0,0,0,0,0,0,0,0
114,Aaron Cresswell,eng ENG,DF,West Ham,32,1989,28,24,"2,235",24.8,0,1,1,0,0,0,3,0
115,Marc Cucurella,es ESP,DF,Chelsea,24,1998,24,21,"1,671",18.6,0,2,2,0,0,0,4,0
116,Matheus Cunha,br BRA,FW,Wolves,23,1999,17,12,965,10.7,2,0,2,2,0,0,1,0
117,Patson Daka,zm ZAM,FW,Leicester City,23,1998,30,13,"1,187",13.2,4,4,8,4,0,0,2,0
118,Diogo Dalot,pt POR,DF,Manchester Utd,23,1999,26,24,"2,154",23.9,1,2,3,1,0,0,6,0
119,Mikkel Damsgaard,dk DEN,"MF,FW",Brentford,22,2000,26,9,988,11.0,0,0,0,0,0,0,4,0
120,Danilo,br BRA,MF,Nott'ham Forest,21,2001,13,12,976,10.8,3,2,5,3,0,0,1,0
121,Arnaut Danjuma,nl NED,"FW,MF",Tottenham,25,1997,9,1,169,1.9,1,0,1,1,0,0,0,0
122,Josh Dasilva,eng ENG,MF,Brentford,23,1998,36,14,"1,389",15.4,4,2,6,4,0,0,1,0
123,David Datro Fofana,ci CIV,FW,Chelsea,19,2002,3,1,70,0.8,0,0,0,0,0,0,0,0
124,Ben Davies,wls WAL,DF,Tottenham,29,1993,31,26,"2,288",25.4,2,2,4,2,0,0,4,0
125,Tom Davies,eng ENG,MF,Everton,24,1998,19,4,538,6.0,0,0,0,0,0,0,3,0
126,Craig Dawson,eng ENG,DF,West Ham,32,1990,8,8,720,8.0,0,0,0,0,0,0,2,0
127,Craig Dawson,eng ENG,DF,Wolves,32,1990,17,17,"1,414",15.7,1,0,1,1,0,0,4,0
128,Kevin De Bruyne,be BEL,MF,Manchester City,31,1991,32,28,"2,417",26.9,7,16,23,7,0,0,1,0
129,Siriki Dembélé,ci CIV,"FW,MF",Bournemouth,25,1996,6,0,110,1.2,0,0,0,0,0,0,0,0
130,Leander Dendoncker,be BEL,MF,Aston Villa,27,1995,20,7,697,7.7,0,0,0,0,0,0,0,0
131,Leander Dendoncker,be BEL,MF,Wolves,27,1995,4,2,214,2.4,0,0,0,0,0,0,0,0
132,Emmanuel Dennis,ng NGA,"FW,MF",Nott'ham Forest,24,1997,19,6,720,8.0,2,2,4,2,0,0,3,0
133,Halil Dervişoğlu,tr TUR,MF,Brentford,22,1999,1,0,8,0.1,0,0,0,0,0,0,0,0
134,Kiernan Dewsbury-Hall,eng ENG,MF,Leicester City,23,1998,31,28,"2,306",25.6,2,2,4,2,0,0,5,1
135,Ibrahima Diallo,fr FRA,MF,Southampton,23,1999,18,11,819,9.1,0,0,0,0,0,0,4,0
136,Rúben Dias,pt POR,DF,Manchester City,25,1997,26,22,"1,998",22.2,0,0,0,0,0,0,3,0
137,Luis Díaz,co COL,FW,Liverpool,25,1997,17,11,996,11.1,4,2,6,4,0,0,2,0
138,Eric Dier,eng ENG,DF,Tottenham,28,1994,33,31,"2,818",31.3,2,1,3,2,0,0,3,0
139,Lucas Digne,fr FRA,DF,Aston Villa,29,1993,28,18,"1,502",16.7,1,0,1,1,0,0,5,0
140,Issa Diop,fr FRA,DF,Fulham,25,1997,25,21,"2,012",22.4,1,0,1,1,0,0,2,0
141,Moussa Djenepo,ml MLI,"DF,FW",Southampton,24,1998,16,7,710,7.9,0,2,2,0,0,0,1,0
142,Ben Doak,sct SCO,FW,Liverpool,16,2005,2,0,26,0.3,0,0,0,0,0,0,0,0
143,Matt Doherty,ie IRL,"DF,MF",Tottenham,30,1992,12,7,667,7.4,1,0,1,1,0,0,0,0
144,Gabriel Dos Santos,br BRA,DF,Arsenal,24,1997,38,38,"3,409",37.9,3,0,3,3,0,0,5,0
145,Abdoulaye Doucouré,ml MLI,MF,Everton,29,1993,25,17,"1,533",17.0,5,2,7,5,0,0,6,1
146,Cheick Doucouré,ml MLI,MF,Crystal Palace,22,2000,34,34,"2,769",30.8,0,3,3,0,0,0,10,1
147,Flynn Downes,eng ENG,MF,West Ham,23,1999,21,7,762,8.5,0,0,0,0,0,0,2,0
148,Kami Doyle,eng ENG,MF,Southampton,16,2005,1,0,7,0.1,0,0,0,0,0,0,0,0
149,Cody Drameh,eng ENG,DF,Leeds United,20,2001,1,1,69,0.8,0,0,0,0,0,0,0,0
150,Martin Dúbravka,sk SVK,GK,Newcastle Utd,33,1989,2,1,157,1.7,0,0,0,0,0,0,0,0
151,Shane Duffy,ie IRL,"DF,FW",Fulham,30,1992,5,0,20,0.2,0,0,0,0,0,0,0,0
152,Lewis Dunk,eng ENG,DF,Brighton,30,1991,36,36,"3,239",36.0,1,0,1,1,0,0,4,0
153,Jhon Durán,co COL,"FW,MF",Aston Villa,18,2003,12,0,136,1.5,0,0,0,0,0,0,1,0
154,Malcolm Ebiowei,eng ENG,"MF,FW",Crystal Palace,18,2003,3,0,34,0.4,0,0,0,0,0,0,0,0
155,Ederson,br BRA,GK,Manchester City,28,1993,35,35,"3,150",35.0,0,1,1,0,0,0,3,0
156,Odsonne Édouard,fr FRA,FW,Crystal Palace,24,1998,35,20,"1,803",20.0,5,2,7,5,0,0,3,0
157,Samuel Edozie,eng ENG,"FW,MF",Southampton,19,2003,17,5,567,6.3,0,0,0,0,0,0,0,0
158,Anthony Elanga,se SWE,FW,Manchester Utd,20,2002,16,5,426,4.7,0,1,1,0,0,0,0,0
159,Harvey Elliott,eng ENG,"MF,FW",Liverpool,19,2003,32,18,"1,613",17.9,1,2,3,1,0,0,2,0
160,Mohamed Elneny,eg EGY,MF,Arsenal,30,1992,5,1,113,1.3,0,0,0,0,0,0,0,0
161,Mohamed Elyounoussi,no NOR,"MF,FW",Southampton,27,1994,33,27,"2,168",24.1,1,1,2,1,0,0,4,0
162,Emerson,br BRA,DF,Tottenham,23,1999,26,20,"1,735",19.3,2,1,3,2,0,0,2,1
163,Christian Eriksen,dk DEN,MF,Manchester Utd,30,1992,28,25,"2,048",22.8,1,8,9,1,0,0,3,0
164,Pervis Estupiñán,ec ECU,DF,Brighton,24,1998,35,31,"2,675",29.7,1,5,6,1,0,0,4,0
165,Jonny Evans,nir NIR,DF,Leicester City,34,1988,13,12,"1,051",11.7,0,0,0,0,0,0,1,0
166,Eberechi Eze,eng ENG,"MF,FW",Crystal Palace,24,1998,38,30,"2,636",29.3,10,4,14,9,1,1,3,0
167,Łukasz Fabiański,pl POL,GK,West Ham,37,1985,36,36,"3,111",34.6,0,0,0,0,0,0,1,0
168,Fabinho,br BRA,MF,Liverpool,28,1993,36,31,"2,671",29.7,0,2,2,0,0,0,11,0
169,Wout Faes,be BEL,DF,Leicester City,24,1998,31,31,"2,786",31.0,1,2,3,1,0,0,6,1
170,Felipe,br BRA,DF,Nott'ham Forest,33,1989,16,15,"1,418",15.8,0,1,1,0,0,0,4,0
171,João Félix,pt POR,"FW,MF",Chelsea,22,1999,16,11,941,10.5,4,0,4,4,0,0,1,1
172,Evan Ferguson,ie IRL,FW,Brighton,17,2004,19,10,950,10.6,6,2,8,6,0,0,1,0
173,Bruno Fernandes,pt POR,"MF,FW",Manchester Utd,27,1994,37,37,"3,316",36.8,8,8,16,6,2,2,6,0
174,Enzo Fernández,ar ARG,MF,Chelsea,21,2001,18,18,"1,547",17.2,0,2,2,0,0,0,3,0
175,Roberto Firmino,br BRA,"FW,MF",Liverpool,30,1991,25,13,"1,213",13.5,11,4,15,11,0,0,0,0
176,Junior Firpo,es ESP,DF,Leeds United,25,1996,19,14,"1,368",15.2,1,1,2,1,0,0,6,1
177,Phil Foden,eng ENG,FW,Manchester City,22,2000,32,22,"1,842",20.5,11,6,17,11,0,0,1,0
178,Wesley Fofana,fr FRA,DF,Leicester City,21,2000,2,2,180,2.0,0,0,0,0,0,0,1,0
179,Wesley Fofana,fr FRA,DF,Chelsea,21,2000,15,12,"1,183",13.1,1,0,1,1,0,0,3,0
180,Pablo Fornals,es ESP,"FW,MF",West Ham,26,1996,32,17,"1,503",16.7,3,1,4,3,0,0,0,0
181,Adam Forshaw,eng ENG,MF,Leeds United,30,1991,12,5,479,5.3,0,0,0,0,0,0,0,0
182,Fraser Forster,eng ENG,GK,Tottenham,34,1988,14,13,"1,215",13.5,0,0,0,0,0,0,1,0
183,Tyrese Francois,au AUS,FW,Fulham,22,2000,1,0,1,0.0,0,0,0,0,0,0,0,0
184,Ryan Fraser,sct SCO,FW,Newcastle Utd,28,1994,8,3,313,3.5,0,0,0,0,0,0,1,0
185,Fred,br BRA,MF,Manchester Utd,29,1993,35,12,"1,249",13.9,2,2,4,2,0,0,6,0
186,Ryan Fredericks,eng ENG,DF,Bournemouth,29,1992,12,5,533,5.9,0,0,0,0,0,0,1,0
187,Remo Freuler,ch SUI,MF,Nott'ham Forest,30,1992,28,24,"2,161",24.0,0,0,0,0,0,0,4,0
188,Cody Gakpo,nl NED,"FW,MF",Liverpool,23,1999,21,17,"1,458",16.2,7,2,9,7,0,0,0,0
189,Conor Gallagher,eng ENG,MF,Chelsea,22,2000,35,18,"1,621",18.0,3,1,4,3,0,0,11,1
190,Idrissa Gana Gueye,sn SEN,MF,Everton,32,1989,33,32,"2,577",28.6,0,1,1,0,0,0,7,0
191,Alejandro Garnacho,ar ARG,"FW,MF",Manchester Utd,18,2004,19,5,569,6.3,3,2,5,3,0,0,3,0
192,James Garner,eng ENG,"MF,DF",Everton,21,2001,16,7,804,8.9,0,1,1,0,0,0,3,0
193,David de Gea,es ESP,GK,Manchester Utd,31,1990,38,38,"3,420",38.0,0,0,0,0,0,0,0,0
194,Joe Gelhardt,eng ENG,FW,Leeds United,20,2002,15,1,212,2.4,0,2,2,0,0,0,1,0
195,Saman Ghoddos,ir IRN,"MF,FW",Brentford,28,1993,15,0,139,1.5,0,0,0,0,0,0,0,0
196,Morgan Gibbs-White,eng ENG,"FW,MF",Wolves,22,2000,2,2,180,2.0,0,0,0,0,0,0,1,0
197,Morgan Gibbs-White,eng ENG,"MF,FW",Nott'ham Forest,22,2000,35,34,"2,971",33.0,5,8,13,3,2,2,5,0
198,Bryan Gil,es ESP,"MF,FW",Tottenham,21,2001,4,2,148,1.6,0,1,1,0,0,0,1,0
199,Billy Gilmour,sct SCO,MF,Brighton,21,2001,14,7,507,5.6,0,1,1,0,0,0,1,0
200,Degnand Gnonto,it ITA,"FW,MF",Leeds United,18,2003,24,14,"1,354",15.0,2,4,6,2,0,0,7,0
201,Ben Godfrey,eng ENG,DF,Everton,24,1998,13,10,802,8.9,0,1,1,0,0,0,2,0
202,João Gomes,br BRA,MF,Wolves,21,2001,11,7,653,7.3,1,0,1,1,0,0,5,0
203,Toti Gomes,pt POR,DF,Wolves,23,1999,17,10,984,10.9,1,0,1,1,0,0,6,0
204,Joe Gomez,eng ENG,DF,Liverpool,25,1997,21,15,"1,466",16.3,0,0,0,0,0,0,3,0
205,Sergio Gómez,es ESP,"DF,MF",Manchester City,21,2000,12,2,349,3.9,0,1,1,0,0,0,0,0
206,Anthony Gordon,eng ENG,"FW,MF",Newcastle Utd,21,2001,16,4,487,5.4,1,0,1,1,0,0,1,0
207,Anthony Gordon,eng ENG,FW,Everton,21,2001,16,12,"1,095",12.2,3,0,3,3,0,0,6,0
208,Demarai Gray,jm JAM,"FW,MF",Everton,26,1996,33,27,"2,507",27.9,4,1,5,2,2,2,3,0
209,Jack Grealish,eng ENG,FW,Manchester City,26,1995,28,23,"2,055",22.8,5,7,12,5,0,0,4,0
210,Sam Greenwood,eng ENG,"MF,FW",Leeds United,20,2002,18,3,424,4.7,1,2,3,1,0,0,1,0
211,Pascal Groß,de GER,"MF,DF",Brighton,31,1991,37,37,"3,239",36.0,9,8,17,9,0,0,6,0
212,Vicente Guaita,es ESP,GK,Crystal Palace,35,1987,27,27,"2,430",27.0,0,0,0,0,0,0,1,0
213,Gonçalo Guedes,pt POR,"FW,MF",Wolves,25,1996,13,8,707,7.9,1,1,2,1,0,0,1,0
214,Marc Guéhi,eng ENG,DF,Crystal Palace,22,2000,37,37,"3,329",37.0,1,0,1,1,0,0,8,0
215,Bruno Guimarães,br BRA,MF,Newcastle Utd,24,1997,32,32,"2,726",30.3,4,5,9,4,0,0,7,0
216,İlkay Gündoğan,de GER,MF,Manchester City,31,1990,31,27,"2,353",26.1,8,4,12,8,0,1,0,0
217,Darko Gyabi,eng ENG,FW,Leeds United,18,2004,1,0,8,0.1,0,0,0,0,0,0,0,0
218,Erling Haaland,no NOR,FW,Manchester City,22,2000,35,33,"2,769",30.8,36,8,44,29,7,7,5,0
219,Lewis Hall,eng ENG,DF,Chelsea,17,2004,9,8,654,7.3,0,0,0,0,0,0,1,0
220,Luke Harris,wls WAL,"MF,FW",Fulham,17,2005,3,0,13,0.1,0,0,0,0,0,0,0,0
221,Jack Harrison,eng ENG,"FW,MF",Leeds United,25,1996,36,34,"2,708",30.1,5,7,12,5,0,0,2,0
222,Kai Havertz,de GER,"FW,MF",Chelsea,23,1999,35,30,"2,569",28.5,7,1,8,6,1,1,5,0
223,Jan Paul van Hecke,nl NED,DF,Brighton,22,2000,8,3,295,3.3,0,0,0,0,0,0,2,0
224,Hwang Hee-chan,kr KOR,"FW,MF",Wolves,26,1996,27,12,"1,130",12.6,3,1,4,3,0,0,1,0
225,Dean Henderson,eng ENG,GK,Nott'ham Forest,25,1997,18,18,"1,620",18.0,0,0,0,0,0,0,2,0
226,Jordan Henderson,eng ENG,MF,Liverpool,32,1990,35,23,"2,074",23.0,0,2,2,0,0,0,2,0
227,Wayne Hennessey,wls WAL,GK,Nott'ham Forest,35,1987,4,3,271,3.0,0,0,0,0,0,0,0,0
228,Rico Henry,eng ENG,DF,Brentford,25,1997,37,37,"3,238",36.0,0,2,2,0,0,0,4,0
229,Son Heung-min,kr KOR,"MF,FW",Tottenham,30,1992,36,33,"2,888",32.1,10,6,16,10,0,0,2,0
230,Aaron Hickey,sct SCO,DF,Brentford,20,2002,26,23,"1,916",21.3,0,1,1,0,0,0,7,0
231,Jack Hinshelwood,eng ENG,FW,Brighton,17,2005,1,0,2,0.0,0,0,0,0,0,0,0,0
232,Joseph Hodge,ie IRL,MF,Wolves,19,2002,6,1,175,1.9,0,0,0,0,0,0,1,0
233,Rob Holding,eng ENG,DF,Arsenal,26,1995,14,6,566,6.3,1,0,1,1,0,0,0,0
234,Mason Holgate,eng ENG,DF,Everton,25,1996,8,5,507,5.6,0,0,0,0,0,0,3,1
235,Will Hughes,eng ENG,MF,Crystal Palace,27,1995,27,7,842,9.4,1,1,2,1,0,0,4,0
236,Omari Hutchinson,eng ENG,FW,Chelsea,18,2003,1,0,23,0.3,0,0,0,0,0,0,0,0
237,Pierre Højbjerg,dk DEN,MF,Tottenham,26,1995,35,35,"3,131",34.8,4,5,9,4,0,0,5,0
238,Kelechi Iheanacho,ng NGA,"FW,MF",Leicester City,25,1996,28,11,"1,127",12.5,5,5,10,4,1,1,0,0
239,Danny Ings,eng ENG,FW,West Ham,30,1992,17,7,775,8.6,2,2,4,2,0,0,1,0
240,Danny Ings,eng ENG,FW,Aston Villa,30,1992,18,8,824,9.2,6,0,6,4,2,2,3,0
241,Alexander Isak,se SWE,FW,Newcastle Utd,22,1999,22,17,"1,522",16.9,10,1,11,8,2,2,3,0
242,Daniel Iversen,dk DEN,GK,Leicester City,25,1997,12,12,"1,080",12.0,0,0,0,0,0,0,0,0
243,Alex Iwobi,ng NGA,"MF,FW",Everton,26,1996,38,38,"3,378",37.5,2,7,9,2,0,0,2,0
244,Daniel James,wls WAL,FW,Leeds United,24,1997,4,2,198,2.2,0,0,0,0,0,0,0,0
245,Daniel James,wls WAL,FW,Fulham,24,1997,20,5,621,6.9,2,1,3,2,0,0,0,0
246,Reece James,eng ENG,"DF,MF",Chelsea,22,1999,16,14,"1,244",13.8,1,1,2,1,0,0,4,0
247,Vitaly Janelt,de GER,"MF,DF",Brentford,24,1998,35,24,"2,208",24.5,3,1,4,3,0,0,3,0
248,Pontus Jansson,se SWE,DF,Brentford,31,1991,12,9,724,8.0,1,0,1,1,0,0,0,0
249,Mathias Jensen,dk DEN,MF,Brentford,26,1996,37,37,"2,803",31.1,5,6,11,5,0,0,5,0
250,Gabriel Jesus,br BRA,FW,Arsenal,25,1997,26,24,"2,064",22.9,11,6,17,10,1,1,6,0
251,Raúl Jiménez,mx MEX,FW,Wolves,31,1991,15,8,846,9.4,0,1,1,0,0,0,0,0
252,Joelinton,br BRA,"MF,FW",Newcastle Utd,25,1996,32,30,"2,661",29.6,6,1,7,6,0,0,12,0
253,Ben Johnson,eng ENG,DF,West Ham,22,2000,17,9,866,9.6,0,0,0,0,0,0,0,0
254,Brennan Johnson,wls WAL,"FW,MF",Nott'ham Forest,21,2001,38,33,"2,934",32.6,8,3,11,7,1,3,6,0
255,Sam Johnstone,eng ENG,GK,Crystal Palace,29,1993,9,9,810,9.0,0,0,0,0,0,0,1,0
256,Curtis Jones,eng ENG,MF,Liverpool,21,2001,18,12,"1,035",11.5,3,1,4,3,0,0,2,0
257,Jorginho,it ITA,MF,Arsenal,30,1991,14,9,855,9.5,0,1,1,0,0,0,0,0
258,Jorginho,it ITA,MF,Chelsea,30,1991,18,15,"1,279",14.2,2,0,2,0,2,2,4,0
259,Mateo Joseph,eng ENG,"FW,MF",Leeds United,18,2003,3,0,26,0.3,0,0,0,0,0,0,0,0
260,Diogo Jota,pt POR,FW,Liverpool,25,1996,22,12,"1,131",12.6,7,4,11,7,0,0,2,0
261,Hamed Junior Traorè,ci CIV,"FW,MF",Bournemouth,22,2000,7,5,427,4.7,0,0,0,0,0,0,0,0
262,James Justin,eng ENG,DF,Leicester City,24,1998,14,14,"1,252",13.9,0,0,0,0,0,0,0,0
263,Mathias Jørgensen,dk DEN,DF,Brentford,32,1990,18,11,"1,103",12.3,0,0,0,0,0,0,2,0
264,Sasa Kalajdzic,at AUT,FW,Wolves,25,1997,1,1,45,0.5,0,0,0,0,0,0,0,0
265,Boubacar Kamara,fr FRA,MF,Aston Villa,22,1999,24,21,"1,777",19.7,0,1,1,0,0,0,4,0
266,Harry Kane,eng ENG,FW,Tottenham,29,1993,38,38,"3,405",37.8,30,3,33,25,5,6,6,0
267,N'Golo Kanté,fr FRA,MF,Chelsea,31,1991,7,6,518,5.8,0,1,1,0,0,0,1,0
268,Michael Keane,eng ENG,DF,Everton,29,1993,12,10,985,10.9,1,2,3,1,0,0,0,0
269,Neeskens Kebano,cd COD,FW,Fulham,30,1992,17,9,764,8.5,0,3,3,0,0,0,0,0
270,Thilo Kehrer,de GER,DF,West Ham,25,1996,27,25,"2,230",24.8,0,2,2,0,0,0,4,0
271,Naby Keïta,gn GUI,MF,Liverpool,27,1995,8,3,293,3.3,0,0,0,0,0,0,1,0
272,Caoimhín Kelleher,ie IRL,GK,Liverpool,23,1998,1,1,90,1.0,0,0,0,0,0,0,0,0
273,Lloyd Kelly,eng ENG,DF,Bournemouth,23,1998,23,23,"2,040",22.7,0,2,2,0,0,0,3,0
274,Max Kilman,eng ENG,DF,Wolves,25,1997,37,37,"3,307",36.7,0,0,0,0,0,0,3,0
275,Jakub Kiwior,pl POL,DF,Arsenal,22,2000,7,5,427,4.7,1,0,1,1,0,0,0,0
276,Mateusz Klich,pl POL,"MF,FW",Leeds United,32,1990,14,0,280,3.1,0,0,0,0,0,0,2,0
277,Robin Koch,de GER,DF,Leeds United,26,1996,36,36,"3,175",35.3,0,0,0,0,0,0,7,0
278,Ibrahima Konaté,fr FRA,DF,Liverpool,23,1999,18,17,"1,552",17.2,0,0,0,0,0,0,5,0
279,Ezri Konsa,eng ENG,DF,Aston Villa,24,1997,38,37,"3,322",36.9,0,0,0,0,0,0,6,0
280,Kalidou Koulibaly,sn SEN,DF,Chelsea,31,1991,23,20,"1,800",20.0,2,1,3,2,0,0,7,1
281,Cheikhou Kouyaté,sn SEN,MF,Nott'ham Forest,32,1989,21,10,882,9.8,1,0,1,1,0,0,3,0
282,Mateo Kovačić,hr CRO,MF,Chelsea,28,1994,27,17,"1,707",19.0,1,2,3,1,0,0,8,0
283,Emil Krafth,se SWE,DF,Newcastle Utd,27,1994,1,0,1,0.0,0,0,0,0,0,0,0,0
284,Dejan Kulusevski,se SWE,"MF,FW",Tottenham,22,2000,30,23,"2,067",23.0,2,7,9,2,0,0,2,0
285,Layvin Kurzawa,fr FRA,DF,Fulham,29,1992,3,2,135,1.5,0,0,0,0,0,0,1,0
286,Adam Lallana,eng ENG,"MF,FW",Brighton,34,1988,16,12,722,8.0,2,1,3,2,0,0,0,0
287,Tariq Lamptey,gh GHA,DF,Brighton,21,2000,20,3,453,5.0,0,0,0,0,0,0,1,0
288,Manuel Lanzini,ar ARG,"MF,FW",West Ham,29,1993,10,2,252,2.8,1,0,1,1,0,0,0,0
289,Aymeric Laporte,es ESP,DF,Manchester City,28,1994,12,11,993,11.0,0,0,0,0,0,0,0,0
290,Juan Larios,es ESP,DF,Southampton,18,2004,5,2,152,1.7,0,0,0,0,0,0,0,0
291,Jamaal Lascelles,eng ENG,DF,Newcastle Utd,28,1993,7,2,218,2.4,0,0,0,0,0,0,4,0
292,Roméo Lavia,be BEL,MF,Southampton,18,2004,29,26,"2,221",24.7,1,0,1,1,0,0,9,0
293,Dexter Lembikisa,jm JAM,DF,Wolves,18,2003,1,0,23,0.3,0,0,0,0,0,0,0,0
294,Mario Lemina,ga GAB,MF,Wolves,28,1993,19,17,"1,299",14.4,0,1,1,0,0,0,4,1
295,Clément Lenglet,fr FRA,DF,Tottenham,27,1995,26,24,"2,019",22.4,0,2,2,0,0,0,4,0
296,Bernd Leno,de GER,GK,Fulham,30,1992,36,36,"3,240",36.0,0,0,0,0,0,0,3,0
297,Jefferson Lerma,co COL,MF,Bournemouth,27,1994,37,37,"3,252",36.1,5,0,5,5,0,0,7,0
298,Jamal Lewis,nir NIR,"DF,FW",Newcastle Utd,24,1998,2,0,11,0.1,0,0,0,0,0,0,0,0
299,Rico Lewis,eng ENG,"DF,MF",Manchester City,17,2004,14,10,903,10.0,0,0,0,0,0,0,1,0
300,Keane Lewis-Potter,eng ENG,"FW,MF",Brentford,21,2001,10,3,321,3.6,0,1,1,0,0,0,0,0
301,Victor Lindelöf,se SWE,DF,Manchester Utd,28,1994,20,14,"1,365",15.2,0,0,0,0,0,0,1,0
302,Jesse Lingard,eng ENG,"FW,MF",Nott'ham Forest,29,1992,17,12,923,10.3,0,0,0,0,0,0,1,0
303,Valentino Livramento,eng ENG,"DF,FW",Southampton,19,2002,2,0,28,0.3,0,0,0,0,0,0,0,0
304,Diego Llorente,es ESP,DF,Leeds United,28,1993,8,7,649,7.2,0,0,0,0,0,0,1,0
305,Hugo Lloris,fr FRA,GK,Tottenham,35,1986,25,25,"2,205",24.5,0,0,0,0,0,0,0,0
306,Renan Lodi,br BRA,DF,Nott'ham Forest,24,1998,28,26,"2,214",24.6,0,1,1,0,0,0,7,0
307,Ruben Loftus-Cheek,eng ENG,"MF,DF",Chelsea,26,1996,25,19,"1,536",17.1,0,1,1,0,0,0,1,0
308,Sean Longstaff,eng ENG,MF,Newcastle Utd,24,1997,33,28,"2,518",28.0,1,4,5,1,0,0,2,0
309,Jamal Lowe,jm JAM,"MF,FW",Bournemouth,28,1994,2,0,12,0.1,0,0,0,0,0,0,0,0
310,Douglas Luiz,br BRA,MF,Aston Villa,24,1998,37,33,"2,927",32.5,6,6,12,6,0,0,6,1
311,Saša Lukić,rs SRB,MF,Fulham,25,1996,12,4,412,4.6,0,0,0,0,0,0,1,0
312,Lyanco,br BRA,DF,Southampton,25,1997,21,11,"1,180",13.1,1,1,2,1,0,0,4,0
313,Alexis Mac Allister,ar ARG,MF,Brighton,23,1998,35,31,"2,886",32.1,10,2,12,4,6,6,8,0
314,James Maddison,eng ENG,"MF,FW",Leicester City,25,1996,30,28,"2,480",27.6,10,9,19,9,1,2,10,0
315,Noni Madueke,eng ENG,FW,Chelsea,20,2002,12,7,643,7.1,1,0,1,1,0,0,0,0
316,Harry Maguire,eng ENG,DF,Manchester Utd,29,1993,16,8,767,8.5,0,0,0,0,0,0,4,0
317,Riyad Mahrez,dz ALG,"FW,MF",Manchester City,31,1991,30,22,"1,920",21.3,5,10,15,4,1,1,2,0
318,Kobbie Mainoo,eng ENG,MF,Manchester Utd,17,2005,1,0,11,0.1,0,0,0,0,0,0,0,0
319,Ainsley Maitland-Niles,eng ENG,"DF,MF",Southampton,24,1997,22,13,"1,407",15.6,0,0,0,0,0,0,3,0
320,Tyrell Malacia,nl NED,DF,Manchester Utd,22,1999,22,14,"1,396",15.5,0,0,0,0,0,0,6,0
321,Orel Mangala,be BEL,MF,Nott'ham Forest,24,1998,27,20,"1,550",17.2,1,1,2,1,0,0,3,0
322,Javier Manquillo,es ESP,DF,Newcastle Utd,28,1994,4,0,37,0.4,0,0,0,0,0,0,0,0
323,Sekou Mara,fr FRA,"FW,MF",Southampton,20,2002,22,4,555,6.2,1,2,3,1,0,0,1,0
324,Solly March,eng ENG,"FW,DF",Brighton,28,1994,33,31,"2,715",30.2,7,7,14,7,0,0,2,0
325,Emiliano Marcondes,dk DEN,MF,Bournemouth,27,1995,1,0,9,0.1,0,0,0,0,0,0,0,0
326,Marquinhos,br BRA,MF,Arsenal,19,2003,1,0,1,0.0,0,0,0,0,0,0,0,0
327,Anthony Martial,fr FRA,FW,Manchester Utd,26,1995,21,11,978,10.9,6,2,8,5,1,1,0,0
328,Gabriel Martinelli,br BRA,FW,Arsenal,21,2001,36,34,"2,789",31.0,15,5,20,15,0,0,3,0
329,Emiliano Martínez,ar ARG,GK,Aston Villa,29,1992,36,36,"3,139",34.9,0,0,0,0,0,0,7,0
330,Lisandro Martínez,ar ARG,DF,Manchester Utd,24,1998,27,24,"2,114",23.5,1,0,1,1,0,0,6,0
331,Pape Matar Sarr,sn SEN,"MF,FW",Tottenham,19,2002,11,2,218,2.4,0,1,1,0,0,0,1,0
332,Jean-Philippe Mateta,fr FRA,FW,Crystal Palace,25,1997,29,6,770,8.6,2,0,2,2,0,0,3,0
333,Joël Matip,cm CMR,DF,Liverpool,30,1991,14,12,"1,092",12.1,1,0,1,1,0,0,3,0
334,Neal Maupay,fr FRA,FW,Everton,25,1996,27,11,"1,118",12.4,1,0,1,1,0,0,4,0
335,Kevin Mbabu,ch SUI,"DF,FW",Fulham,27,1995,6,1,144,1.6,0,1,1,0,0,0,1,0
336,Bryan Mbeumo,cm CMR,FW,Brentford,22,1999,38,36,"2,906",32.3,9,8,17,8,1,1,5,0
337,James McArthur,sct SCO,MF,Crystal Palace,34,1987,4,0,54,0.6,0,0,0,0,0,0,0,0
338,Alex McCarthy,eng ENG,GK,Southampton,32,1989,6,6,540,6.0,0,0,0,0,0,0,0,0
339,John McGinn,sct SCO,"MF,FW",Aston Villa,27,1994,34,30,"2,693",29.9,1,3,4,1,0,0,7,0
340,Scott McKenna,sct SCO,DF,Nott'ham Forest,25,1996,20,19,"1,571",17.5,0,0,0,0,0,0,4,0
341,Weston McKennie,us USA,MF,Leeds United,23,1998,19,16,"1,437",16.0,0,1,1,0,0,0,7,0
342,Dwight McNeil,eng ENG,"FW,MF",Everton,22,1999,36,28,"2,498",27.8,7,3,10,7,0,0,5,0
343,Scott McTominay,sct SCO,MF,Manchester Utd,25,1996,24,10,"1,160",12.9,1,0,1,1,0,0,8,0
344,Ben Mee,eng ENG,DF,Brentford,32,1989,37,37,"3,269",36.3,3,1,4,3,0,0,2,0
345,Edouard Mendy,sn SEN,GK,Chelsea,30,1992,10,9,855,9.5,0,0,0,0,0,0,1,0
346,Nampalys Mendy,sn SEN,MF,Leicester City,30,1992,19,7,757,8.4,1,0,1,1,0,0,1,0
347,Chris Mepham,wls WAL,DF,Bournemouth,24,1997,26,24,"2,199",24.4,0,0,0,0,0,0,7,0
348,Illan Meslier,fr FRA,GK,Leeds United,22,2000,34,34,"3,060",34.0,0,0,0,0,0,0,3,0
349,Alex Mighten,eng ENG,FW,Nott'ham Forest,20,2002,1,0,8,0.1,0,0,0,0,0,0,0,0
350,Lewis Miley,eng ENG,MF,Newcastle Utd,16,2006,1,0,15,0.2,0,0,0,0,0,0,0,0
351,Luka Milivojević,rs SRB,MF,Crystal Palace,31,1991,18,5,512,5.7,0,0,0,0,0,0,2,0
352,James Milner,eng ENG,"MF,DF",Liverpool,36,1986,31,7,913,10.1,0,1,1,0,0,0,2,0
353,Yerry Mina,co COL,DF,Everton,27,1994,7,7,594,6.6,2,0,2,2,0,0,2,0
354,Tyrone Mings,eng ENG,DF,Aston Villa,29,1993,35,35,"3,150",35.0,1,2,3,1,0,0,7,0
355,Tyrick Mitchell,eng ENG,DF,Crystal Palace,22,1999,36,34,"2,891",32.1,0,2,2,0,0,0,5,1
356,Kaoru Mitoma,jp JPN,"FW,MF",Brighton,25,1997,33,24,"2,318",25.8,7,5,12,7,0,0,0,0
357,Aleksandar Mitrović,rs SRB,FW,Fulham,27,1994,24,23,"2,008",22.3,14,1,15,10,4,8,7,0
358,Kieffer Moore,wls WAL,FW,Bournemouth,29,1992,27,12,"1,279",14.2,4,0,4,4,0,0,1,0
359,Andrew Moran,ie IRL,FW,Brighton,18,2003,1,0,12,0.1,0,0,0,0,0,0,0,0
360,Álex Moreno,es ESP,DF,Aston Villa,29,1993,19,14,"1,329",14.8,0,3,3,0,0,0,3,0
361,Mason Mount,eng ENG,"MF,FW",Chelsea,23,1999,24,20,"1,648",18.3,3,2,5,3,0,0,4,0
362,Lucas Moura,br BRA,"MF,DF",Tottenham,29,1992,15,0,153,1.7,1,0,1,1,0,0,0,1
363,João Moutinho,pt POR,MF,Wolves,35,1986,31,20,"1,780",19.8,0,2,2,0,0,0,3,0
364,Divin Mubama,eng ENG,FW,West Ham,17,2004,3,0,38,0.4,0,0,0,0,0,0,0,0
365,Mykhailo Mudryk,ua UKR,"FW,MF",Chelsea,21,2001,15,7,657,7.3,0,2,2,0,0,0,1,0
366,Jacob Murphy,eng ENG,FW,Newcastle Utd,27,1995,36,14,"1,251",13.9,4,2,6,4,0,0,0,0
367,Enock Mwepu,zm ZAM,"FW,MF",Brighton,24,1998,6,2,213,2.4,0,1,1,0,0,0,0,0
368,Vitaliy Mykolenko,ua UKR,DF,Everton,23,1999,34,30,"2,655",29.5,0,0,0,0,0,0,4,0
369,Keylor Navas,cr CRC,GK,Nott'ham Forest,35,1986,17,17,"1,529",17.0,0,0,0,0,0,0,2,0
370,Wilfred Ndidi,ng NGA,MF,Leicester City,25,1996,27,19,"1,679",18.7,0,0,0,0,0,0,4,0
371,Reiss Nelson,eng ENG,FW,Arsenal,22,1999,11,0,212,2.4,3,2,5,3,0,0,0,0
372,Neto,br BRA,GK,Bournemouth,33,1989,27,27,"2,385",26.5,0,0,0,0,0,0,4,0
373,Pedro Neto,pt POR,"FW,MF",Wolves,22,2000,18,13,964,10.7,0,0,0,0,0,0,1,0
374,Rúben Neves,pt POR,MF,Wolves,25,1997,35,33,"3,019",33.5,6,1,7,3,3,3,12,0
375,Moussa Niakhate,sn SEN,DF,Nott'ham Forest,26,1996,14,14,"1,163",12.9,0,0,0,0,0,0,1,0
376,Rasmus Nissen,dk DEN,DF,Leeds United,25,1997,26,21,"1,960",21.8,3,1,4,3,0,0,4,0
377,Eddie Nketiah,eng ENG,FW,Arsenal,23,1999,30,9,"1,089",12.1,4,1,5,4,0,0,3,0
378,Matheus Nunes,pt POR,MF,Wolves,23,1998,34,30,"2,467",27.4,1,1,2,1,0,0,2,1
379,Darwin Núñez,uy URU,FW,Liverpool,23,1999,29,19,"1,695",18.8,9,3,12,9,0,0,1,1
380,Ethan Nwaneri,eng ENG,FW,Arsenal,15,2007,1,0,1,0.0,0,0,0,0,0,0,0,0
381,Christian Nørgaard,dk DEN,MF,Brentford,28,1994,22,21,"1,763",19.6,1,3,4,1,0,0,6,0
382,Lewis O'Brien,eng ENG,MF,Nott'ham Forest,23,1998,13,6,584,6.5,1,0,1,1,0,0,2,0
383,Odeluga Offiah,eng ENG,DF,Brighton,19,2002,2,0,25,0.3,0,0,0,0,0,0,0,0
384,Angelo Ogbonna,it ITA,DF,West Ham,34,1988,16,13,"1,237",13.7,0,0,0,0,0,0,0,0
385,Michael Olise,fr FRA,"FW,MF",Crystal Palace,20,2001,37,31,"2,749",30.5,2,11,13,2,0,0,2,0
386,Robin Olsen,se SWE,GK,Aston Villa,32,1990,4,2,281,3.1,0,0,0,0,0,0,0,0
387,Amadou Onana,be BEL,MF,Everton,20,2001,33,29,"2,488",27.6,1,2,3,1,0,0,9,0
388,Josh Onomah,eng ENG,MF,Fulham,25,1997,2,0,15,0.2,0,0,0,0,0,0,0,0
389,Paul Onuachu,ng NGA,FW,Southampton,28,1994,11,4,407,4.5,0,0,0,0,0,0,0,0
390,Frank Onyeka,ng NGA,MF,Brentford,24,1998,21,8,848,9.4,0,2,2,0,0,0,0,0
391,Mislav Oršić,hr CRO,MF,Southampton,29,1992,1,0,7,0.1,0,0,0,0,0,0,0,0
392,Stefan Ortega,de GER,GK,Manchester City,29,1992,3,3,270,3.0,0,0,0,0,0,0,0,0
393,Dango Ouattara,bf BFA,"MF,FW",Bournemouth,20,2002,19,15,"1,241",13.8,1,3,4,1,0,0,1,0
394,Alex Oxlade-Chamberlain,eng ENG,"FW,MF",Liverpool,28,1993,9,4,335,3.7,1,0,1,1,0,0,0,0
395,David Ozoh,eng ENG,FW,Crystal Palace,17,2005,1,0,1,0.0,0,0,0,0,0,0,0,0
396,João Palhinha,pt POR,MF,Fulham,27,1995,35,35,"3,108",34.5,3,0,3,3,0,0,14,0
397,Cole Palmer,eng ENG,"MF,FW",Manchester City,20,2002,14,2,370,4.1,0,1,1,0,0,0,1,0
398,Emerson Palmieri,it ITA,DF,West Ham,27,1994,22,16,"1,320",14.7,1,0,1,1,0,0,2,0
399,Lucas Paquetá,br BRA,MF,West Ham,24,1997,28,27,"2,151",23.9,4,3,7,3,1,1,5,0
400,Thomas Partey,gh GHA,MF,Arsenal,29,1993,33,28,"2,483",27.6,3,0,3,3,0,0,5,0
401,Nathan Patterson,sct SCO,"DF,MF",Everton,20,2001,19,14,"1,279",14.2,0,0,0,0,0,0,3,0
402,Ben Pearson,eng ENG,MF,Bournemouth,27,1995,7,3,286,3.2,0,0,0,0,0,0,1,0
403,Facundo Pellistri,uy URU,"FW,MF",Manchester Utd,20,2001,4,0,64,0.7,0,0,0,0,0,0,0,0
404,Andreas Pereira,br BRA,MF,Fulham,26,1996,33,33,"2,692",29.9,4,6,10,3,1,1,8,0
405,Ricardo Pereira,pt POR,"DF,MF",Leicester City,28,1993,10,5,454,5.0,1,1,2,1,0,0,2,0
406,Ayoze Pérez,es ESP,"MF,FW",Leicester City,29,1993,8,3,382,4.2,0,1,1,0,0,0,0,0
407,Ivan Perišić,hr CRO,"DF,MF",Tottenham,33,1989,34,23,"2,108",23.4,1,8,9,1,0,0,6,0
408,Romain Perraud,fr FRA,DF,Southampton,24,1997,29,22,"1,835",20.4,2,2,4,2,0,0,4,0
409,Máximo Perrone,ar ARG,MF,Manchester City,19,2003,1,0,19,0.2,0,0,0,0,0,0,0,0
410,Cameron Peupion,au AUS,MF,Brighton,19,2002,1,0,6,0.1,0,0,0,0,0,0,0,0
411,Kalvin Phillips,eng ENG,MF,Manchester City,26,1995,12,2,300,3.3,0,0,0,0,0,0,1,0
412,Nathaniel Phillips,eng ENG,DF,Liverpool,25,1997,2,1,66,0.7,0,0,0,0,0,0,0,0
413,Jordan Pickford,eng ENG,GK,Everton,28,1994,37,37,"3,330",37.0,0,1,1,0,0,0,6,0
414,Ethan Pinnock,jm JAM,DF,Brentford,29,1993,30,30,"2,700",30.0,3,0,3,3,0,0,0,0
415,Daniel Podence,pt POR,"FW,MF",Wolves,26,1995,32,20,"1,771",19.7,6,0,6,6,0,0,5,0
416,Nick Pope,eng ENG,GK,Newcastle Utd,30,1992,37,37,"3,261",36.2,0,0,0,0,0,0,3,1
417,Pedro Porro,es ESP,"DF,MF",Tottenham,22,1999,15,13,"1,131",12.6,3,3,6,3,0,0,0,0
418,Dennis Praet,be BEL,"MF,FW",Leicester City,28,1994,22,6,649,7.2,1,0,1,1,0,0,1,0
419,Isaac Price,nir NIR,MF,Everton,18,2003,1,0,33,0.4,0,0,0,0,0,0,1,0
420,Christian Pulisic,us USA,"FW,DF",Chelsea,23,1998,24,8,821,9.1,1,1,2,1,0,0,1,0
421,Aaron Ramsdale,eng ENG,GK,Arsenal,24,1998,38,38,"3,420",38.0,0,0,0,0,0,0,1,0
422,Jacob Ramsey,eng ENG,"MF,FW",Aston Villa,21,2001,35,31,"2,636",29.3,6,7,13,6,0,0,5,0
423,Marcus Rashford,eng ENG,FW,Manchester Utd,24,1997,35,32,"2,879",32.0,17,5,22,17,0,0,2,0
424,David Raya,es ESP,GK,Brentford,26,1995,38,38,"3,420",38.0,0,0,0,0,0,0,1,0
425,Tim Ream,us USA,DF,Fulham,34,1987,33,33,"2,897",32.2,1,0,1,1,0,0,2,0
426,Nathan Redmond,eng ENG,DF,Southampton,28,1994,1,0,1,0.0,0,0,0,0,0,0,0,0
427,Harrison Reed,eng ENG,MF,Fulham,27,1995,37,35,"2,866",31.8,3,4,7,3,0,0,5,0
428,Bobby Reid,jm JAM,"FW,DF",Fulham,29,1993,36,29,"2,475",27.5,4,1,5,4,0,0,8,0
429,Declan Rice,eng ENG,MF,West Ham,23,1999,37,36,"3,273",36.4,4,1,5,4,0,1,5,0
430,Chris Richards,us USA,DF,Crystal Palace,22,2000,9,4,447,5.0,0,0,0,0,0,0,0,0
431,Richarlison,br BRA,"MF,FW",Tottenham,25,1997,27,12,"1,010",11.2,1,3,4,1,0,0,3,0
432,Jaïro Riedewald,nl NED,"DF,MF",Crystal Palace,25,1996,6,0,64,0.7,0,0,0,0,0,0,0,0
433,Matt Ritchie,sct SCO,"FW,MF",Newcastle Utd,32,1989,7,0,39,0.4,0,0,0,0,0,0,0,0
434,Andrew Robertson,sct SCO,DF,Liverpool,28,1994,34,29,"2,583",28.7,0,8,8,0,0,0,3,0
435,Antonee Robinson,us USA,DF,Fulham,24,1997,35,35,"3,088",34.3,0,1,1,0,0,0,8,0
436,Joel Robles,es ESP,GK,Leeds United,32,1990,4,4,360,4.0,0,0,0,0,0,0,1,0
437,Marc Roca,es ESP,MF,Leeds United,25,1996,32,29,"2,315",25.7,1,2,3,1,0,0,7,0
438,Marek Rodák,sk SVK,GK,Fulham,25,1996,2,2,180,2.0,0,0,0,0,0,0,0,0
439,Rodri,es ESP,MF,Manchester City,26,1996,36,34,"2,911",32.3,2,6,8,2,0,0,5,0
440,Rodrigo,es ESP,"FW,MF",Leeds United,31,1991,31,23,"1,935",21.5,13,1,14,12,1,1,6,0
441,Mads Roerslev,dk DEN,DF,Brentford,23,1999,20,12,"1,108",12.3,0,0,0,0,0,0,0,0
442,Cristian Romero,ar ARG,DF,Tottenham,24,1998,27,26,"2,364",26.3,0,1,1,0,0,0,11,1
443,Oriol Romeu,es ESP,MF,Southampton,30,1991,1,1,74,0.8,0,0,0,0,0,0,0,0
444,Cristiano Ronaldo,pt POR,FW,Manchester Utd,37,1985,10,4,525,5.8,1,0,1,1,0,0,2,0
445,Connor Ronan,ie IRL,MF,Wolves,24,1998,1,0,1,0.0,0,0,0,0,0,0,0,0
446,Salomón Rondón,ve VEN,FW,Everton,32,1989,7,1,109,1.2,0,0,0,0,0,0,0,0
447,Joe Rothwell,eng ENG,MF,Bournemouth,27,1995,20,12,"1,016",11.3,0,1,1,0,0,0,1,0
448,Georginio Rutter,fr FRA,"FW,MF",Leeds United,20,2002,11,1,273,3.0,0,1,1,0,0,0,0,0
449,José Sá,pt POR,GK,Wolves,29,1993,36,36,"3,240",36.0,0,0,0,0,0,0,2,0
450,Marcel Sabitzer,at AUT,MF,Manchester Utd,28,1994,11,7,627,7.0,0,1,1,0,0,0,1,0
451,Allan Saint-Maximin,fr FRA,FW,Newcastle Utd,25,1997,25,12,"1,120",12.4,1,5,6,1,0,0,1,0
452,Bukayo Saka,eng ENG,FW,Arsenal,20,2001,38,37,"3,181",35.3,14,11,25,12,2,3,6,0
453,Mohamed Salah,eg EGY,FW,Liverpool,30,1992,38,37,"3,290",36.6,19,12,31,17,2,4,2,0
454,William Saliba,fr FRA,DF,Arsenal,21,2001,27,27,"2,415",26.8,2,1,3,2,0,0,4,0
455,Mohammed Salisu,gh GHA,DF,Southampton,23,1999,22,21,"1,973",21.9,0,1,1,0,0,0,5,0
456,Albert Sambi Lokonga,be BEL,MF,Arsenal,22,1999,6,2,198,2.2,0,0,0,0,0,0,0,0
457,Albert Sambi Lokonga,be BEL,MF,Crystal Palace,22,1999,9,6,536,6.0,0,0,0,0,0,0,2,0
458,Davinson Sánchez,co COL,DF,Tottenham,26,1996,18,8,858,9.5,0,0,0,0,0,0,1,0
459,Robert Sánchez,es ESP,GK,Brighton,24,1997,23,23,"2,070",23.0,0,0,0,0,0,0,2,0
460,Jadon Sancho,eng ENG,"FW,MF",Manchester Utd,22,2000,26,21,"1,686",18.7,6,3,9,6,0,0,0,0
461,Morgan Sanson,fr FRA,MF,Aston Villa,27,1994,2,0,11,0.1,0,0,0,0,0,0,0,0
462,Pablo Sarabia,es ESP,"FW,MF",Wolves,30,1992,13,9,765,8.5,1,0,1,1,0,0,3,0
463,Jeremy Sarmiento,ec ECU,MF,Brighton,20,2002,9,1,176,2.0,0,1,1,0,0,0,1,0
464,Gianluca Scamacca,it ITA,FW,West Ham,23,1999,16,11,926,10.3,3,0,3,3,0,0,3,0
465,Gustavo Scarpa,br BRA,"MF,FW",Nott'ham Forest,28,1994,6,2,181,2.0,0,0,0,0,0,0,1,0
466,Kevin Schade,de GER,FW,Brentford,20,2001,18,7,732,8.1,0,1,1,0,0,0,2,0
467,Fabian Schär,ch SUI,DF,Newcastle Utd,30,1991,36,36,"3,206",35.6,1,3,4,1,0,0,7,0
468,Jeffrey Schlupp,gh GHA,"MF,FW",Crystal Palace,29,1992,34,30,"2,531",28.1,3,1,4,3,0,0,7,0
469,Nélson Semedo,pt POR,DF,Wolves,28,1993,36,31,"2,632",29.2,0,1,1,0,0,0,11,1
470,Antoine Semenyo,gh GHA,"FW,MF",Bournemouth,22,2000,11,2,258,2.9,1,0,1,1,0,0,0,0
471,Marcos Senesi,ar ARG,DF,Bournemouth,25,1997,31,29,"2,491",27.7,2,0,2,2,0,0,7,0
472,Ryan Sessegnon,eng ENG,DF,Tottenham,22,2000,17,9,813,9.0,2,0,2,2,0,0,4,0
473,Luke Shaw,eng ENG,DF,Manchester Utd,27,1995,31,30,"2,552",28.4,1,2,3,1,0,0,8,0
474,Jonjo Shelvey,eng ENG,MF,Newcastle Utd,30,1992,3,0,37,0.4,0,0,0,0,0,0,0,0
475,Jonjo Shelvey,eng ENG,MF,Nott'ham Forest,30,1992,8,6,540,6.0,0,0,0,0,0,0,2,0
476,Bernardo Silva,pt POR,"MF,FW",Manchester City,27,1994,34,24,"2,205",24.5,4,5,9,4,0,0,5,0
477,Thiago Silva,br BRA,DF,Chelsea,37,1984,27,26,"2,352",26.1,0,2,2,0,0,0,2,0
478,Ellis Simms,eng ENG,FW,Everton,21,2001,11,2,228,2.5,1,0,1,1,0,0,0,0
479,Luis Sinisterra,co COL,FW,Leeds United,23,1999,19,13,867,9.6,5,0,5,5,0,0,3,1
480,Oliver Skipp,eng ENG,MF,Tottenham,21,2000,23,18,"1,491",16.6,1,0,1,1,0,0,7,0
481,Adam Smith,eng ENG,DF,Bournemouth,31,1991,37,34,"2,943",32.7,0,1,1,0,0,0,11,0
482,Emile Smith Rowe,eng ENG,"MF,FW",Arsenal,22,2000,12,0,172,1.9,0,2,2,0,0,0,0,0
483,Cédric Soares,pt POR,DF,Arsenal,30,1991,2,0,29,0.3,0,0,0,0,0,0,0,0
484,Cédric Soares,pt POR,DF,Fulham,30,1991,6,2,198,2.2,0,0,0,0,0,0,0,0
485,Dominic Solanke,eng ENG,"FW,MF",Bournemouth,24,1997,33,32,"2,860",31.8,6,7,13,6,0,0,2,0
486,Manor Solomon,il ISR,FW,Fulham,23,1999,19,4,572,6.4,4,0,4,4,0,0,0,0
487,Tomáš Souček,cz CZE,MF,West Ham,27,1995,36,32,"2,815",31.3,2,3,5,2,0,0,3,0
488,Boubakary Soumaré,fr FRA,MF,Leicester City,23,1999,26,20,"1,629",18.1,0,0,0,0,0,0,9,0
489,Harry Souttar,au AUS,DF,Leicester City,23,1998,12,11,992,11.0,0,1,1,0,0,0,2,0
490,Çağlar Söyüncü,tr TUR,DF,Leicester City,26,1996,7,6,529,5.9,1,0,1,1,0,0,2,0
491,Djed Spence,eng ENG,"FW,DF",Tottenham,21,2000,4,0,7,0.1,0,0,0,0,0,0,0,0
492,Jack Stacey,eng ENG,DF,Bournemouth,26,1996,10,3,299,3.3,0,0,0,0,0,0,2,0
493,Junior Stanislas,eng ENG,MF,Bournemouth,32,1989,4,0,61,0.7,0,0,0,0,0,0,0,0
494,Jay Stansfield,eng ENG,FW,Fulham,19,2002,3,1,87,1.0,0,0,0,0,0,0,0,0
495,Jason Steele,eng ENG,GK,Brighton,31,1990,15,15,"1,350",15.0,0,1,1,0,0,0,1,0
496,Jack Stephens,eng ENG,DF,Southampton,28,1994,2,0,46,0.5,0,0,0,0,0,0,0,0
497,Jack Stephens,eng ENG,DF,Bournemouth,28,1994,15,13,"1,173",13.0,0,0,0,0,0,0,3,0
498,Raheem Sterling,eng ENG,"FW,MF",Chelsea,27,1994,28,23,"1,891",21.0,6,3,9,6,0,0,4,0
499,John Stones,eng ENG,"DF,MF",Manchester City,28,1994,23,21,"1,846",20.5,2,2,4,2,0,0,2,0
500,Pascal Struijk,nl NED,DF,Leeds United,22,1999,29,26,"2,200",24.4,2,1,3,2,0,0,5,0
501,Kamaldeen Sulemana,gh GHA,"FW,MF",Southampton,20,2002,18,10,966,10.7,2,1,3,2,0,0,1,0
502,Crysencio Summerville,nl NED,FW,Leeds United,20,2001,28,12,"1,426",15.8,4,2,6,4,0,0,4,0
503,Sam Surridge,eng ENG,FW,Nott'ham Forest,24,1998,20,1,323,3.6,1,0,1,1,0,0,2,0
504,Japhet Tanganga,eng ENG,DF,Tottenham,23,1999,4,2,146,1.6,0,0,0,0,0,0,0,0
505,Matt Targett,eng ENG,DF,Newcastle Utd,26,1995,17,6,610,6.8,0,0,0,0,0,0,1,0
506,James Tarkowski,eng ENG,DF,Everton,29,1992,38,38,"3,420",38.0,1,1,2,1,0,0,6,0
507,Marcus Tavernier,eng ENG,"MF,FW",Bournemouth,23,1999,23,19,"1,743",19.4,5,4,9,5,0,0,1,0
508,Tetê,br BRA,FW,Leicester City,22,2000,13,9,734,8.2,1,0,1,1,0,0,0,0
509,Kenny Tete,nl NED,DF,Fulham,26,1995,31,29,"2,569",28.5,1,5,6,1,0,0,8,0
510,Luke Thomas,eng ENG,DF,Leicester City,21,2001,17,11,"1,073",11.9,0,0,0,0,0,0,3,0
511,Youri Tielemans,be BEL,MF,Leicester City,25,1997,31,27,"2,344",26.0,3,2,5,2,1,2,4,0
512,Kieran Tierney,sct SCO,DF,Arsenal,25,1997,27,6,795,8.8,0,1,1,0,0,0,0,0
513,Harry Toffolo,eng ENG,DF,Nott'ham Forest,26,1995,19,9,940,10.4,0,0,0,0,0,0,2,0
514,Takehiro Tomiyasu,jp JPN,DF,Arsenal,23,1998,21,6,663,7.4,0,1,1,0,0,0,2,0
515,James Tomkins,eng ENG,DF,Crystal Palace,33,1989,6,3,338,3.8,1,0,1,1,0,0,3,1
516,Ivan Toney,eng ENG,FW,Brentford,26,1996,33,33,"2,951",32.8,20,4,24,14,6,7,9,0
517,Adama Traoré,es ESP,"FW,MF",Wolves,26,1996,34,12,"1,496",16.6,2,1,3,2,0,0,2,0
518,Bertrand Traoré,bf BFA,"FW,MF",Aston Villa,26,1995,8,1,233,2.6,2,0,2,2,0,0,1,0
519,Boubacar Traoré,ml MLI,MF,Wolves,20,2001,10,4,411,4.6,0,1,1,0,0,0,2,0
520,Mark Travers,ie IRL,GK,Bournemouth,23,1999,12,11,"1,035",11.5,0,0,0,0,0,0,0,0
521,Kieran Trippier,eng ENG,DF,Newcastle Utd,31,1990,38,38,"3,341",37.1,1,7,8,1,0,0,5,0
522,Leandro Trossard,be BEL,FW,Arsenal,27,1994,20,10,931,10.3,1,10,11,1,0,0,0,0
523,Leandro Trossard,be BEL,"FW,MF",Brighton,27,1994,16,16,"1,315",14.6,7,2,9,7,0,0,1,0
524,Kostas Tsimikas,gr GRE,DF,Liverpool,26,1996,20,9,771,8.6,0,4,4,0,0,0,3,0
525,Deniz Undav,de GER,"FW,MF",Brighton,26,1996,22,6,628,7.0,5,0,5,5,0,0,2,0
526,Yan Valery,tn TUN,DF,Southampton,23,1999,1,1,45,0.5,0,0,0,0,0,0,0,0
527,Virgil van Dijk,nl NED,DF,Liverpool,31,1991,32,32,"2,835",31.5,3,1,4,3,0,0,3,0
528,Raphaël Varane,fr FRA,DF,Manchester Utd,29,1993,24,22,"1,911",21.2,0,0,0,0,0,0,1,0
529,Jamie Vardy,eng ENG,FW,Leicester City,35,1987,37,19,"1,857",20.6,3,4,7,3,0,1,1,0
530,Joël Veltman,nl NED,DF,Brighton,30,1992,31,25,"2,188",24.3,1,1,2,1,0,0,6,0
531,Fabio Vieira,pt POR,"MF,FW",Arsenal,22,2000,22,3,514,5.7,1,2,3,1,0,0,0,0
532,Matías Viña,uy URU,DF,Bournemouth,24,1997,12,5,458,5.1,2,0,2,2,0,0,1,0
533,Rúben Vinagre,pt POR,"DF,MF",Everton,23,1999,2,0,26,0.3,0,0,0,0,0,0,0,0
534,Carlos Vinícius,br BRA,FW,Fulham,27,1995,28,11,"1,109",12.3,5,2,7,5,0,0,3,0
535,Theo Walcott,eng ENG,"FW,MF",Southampton,33,1989,20,13,"1,129",12.5,2,2,4,2,0,0,1,0
536,Kyle Walker,eng ENG,DF,Manchester City,32,1990,27,22,"1,958",21.8,0,0,0,0,0,0,3,0
537,Kyle Walker-Peters,eng ENG,DF,Southampton,25,1997,31,30,"2,650",29.4,1,0,1,1,0,0,4,0
538,Aaron Wan-Bissaka,eng ENG,DF,Manchester Utd,24,1997,19,16,"1,435",15.9,0,0,0,0,0,0,2,0
539,Danny Ward,wls WAL,GK,Leicester City,29,1993,26,26,"2,340",26.0,0,0,0,0,0,0,0,0
540,Joel Ward,eng ENG,DF,Crystal Palace,32,1989,28,24,"2,256",25.1,1,0,1,1,0,0,6,0
541,James Ward-Prowse,eng ENG,MF,Southampton,27,1994,38,38,"3,371",37.5,9,4,13,7,2,4,6,0
542,Ollie Watkins,eng ENG,FW,Aston Villa,26,1995,37,36,"3,127",34.7,15,6,21,14,1,2,4,0
543,Adam Webster,eng ENG,DF,Brighton,27,1995,27,23,"1,985",22.1,0,0,0,0,0,0,2,0
544,Wout Weghorst,nl NED,"FW,MF",Manchester Utd,29,1992,17,10,797,8.9,0,1,1,0,0,0,1,0
545,Danny Welbeck,eng ENG,FW,Brighton,31,1990,31,21,"1,854",20.6,6,3,9,6,0,0,0,0
546,Ben White,eng ENG,DF,Arsenal,24,1997,38,36,"3,055",33.9,2,5,7,2,0,0,5,0
547,Harvey White,eng ENG,MF,Tottenham,20,2001,1,0,5,0.1,0,0,0,0,0,0,0,0
548,Joseph Whitworth,eng ENG,GK,Crystal Palace,18,2004,2,2,180,2.0,0,0,0,0,0,0,0,0
549,Neco Williams,wls WAL,DF,Nott'ham Forest,21,2001,31,20,"1,882",20.9,1,0,1,1,0,0,7,0
550,Willian,br BRA,FW,Fulham,33,1988,27,25,"2,126",23.6,5,5,10,5,0,0,2,0
551,Joe Willock,eng ENG,MF,Newcastle Utd,22,1999,35,31,"2,558",28.4,3,6,9,3,0,0,1,0
552,Callum Wilson,eng ENG,FW,Newcastle Utd,30,1992,31,21,"1,877",20.9,18,5,23,15,3,3,4,0
553,Harry Wilson,wls WAL,FW,Fulham,25,1997,29,13,"1,100",12.2,2,3,5,2,0,0,1,0
554,Yoane Wissa,cd COD,FW,Brentford,25,1996,38,16,"1,606",17.8,7,3,10,7,0,0,3,0
555,Maximilian Wöber,at AUT,DF,Leeds United,24,1998,16,14,"1,266",14.1,0,0,0,0,0,0,3,0
556,Chris Wood,nz NZL,FW,Newcastle Utd,30,1991,18,4,446,5.0,2,0,2,1,1,1,0,0
557,Chris Wood,nz NZL,FW,Nott'ham Forest,30,1991,7,5,372,4.1,1,0,1,1,0,0,0,0
558,Joe Worrall,eng ENG,DF,Nott'ham Forest,25,1997,30,21,"2,224",24.7,1,0,1,1,0,0,6,0
559,Granit Xhaka,ch SUI,MF,Arsenal,29,1992,37,36,"2,993",33.3,7,7,14,7,0,0,4,0
560,Ryan Yates,eng ENG,MF,Nott'ham Forest,24,1997,26,21,"1,837",20.4,0,2,2,0,0,0,5,0
561,Ashley Young,eng ENG,DF,Aston Villa,37,1985,29,23,"2,036",22.6,1,0,1,1,0,0,7,0
562,Illia Zabarnyi,ua UKR,DF,Bournemouth,19,2002,5,3,299,3.3,0,0,0,0,0,0,0,0
563,Wilfried Zaha,ci CIV,"FW,MF",Crystal Palace,29,1992,27,27,"2,288",25.4,7,2,9,7,0,2,5,0
564,Denis Zakaria,ch SUI,MF,Chelsea,25,1996,7,5,411,4.6,0,0,0,0,0,0,0,0
565,Jordan Zemura,zw ZIM,DF,Bournemouth,22,1999,19,17,"1,454",16.2,0,1,1,0,0,0,1,0
566,Oleksandr Zinchenko,ua UKR,DF,Arsenal,25,1996,27,26,"2,118",23.5,1,2,3,1,0,0,3,0
567,Hakim Ziyech,ma MAR,"FW,MF",Chelsea,29,1993,18,6,661,7.3,0,3,3,0,0,0,1,0
568,Kurt Zouma,fr FRA,DF,West Ham,27,1994,25,24,"1,989",22.1,2,0,2,2,0,0,0,0
569,Martin Ødegaard,no NOR,MF,Arsenal,23,1998,37,37,"3,127",34.7,15,7,22,15,0,0,4,0